tax_ein,org_ein,name,totrevenue,totfuncexpns
112740189,112740189,CITY LORE INC,2204698,2059622
113583718,113583718,SHARE VIII INC,74326,115413
131953506,131953506,AMERICAN HELICOPTER SOCIETY INTERNATIONAL INC,1835235,1710236
132041203,132041203,THE AMATEUR COMEDY CLUB INC,223974,181257
133523027,133523027,NEMRA EDUCATION FOUNDATION,249803,15360
133665796,133665796,HEARTSONG INC,367805,406922
133914183,133914183,VEBA TRUST FOR UNION EMPLOYEES OF KEYSPAN CORPORATION,75860527,45882269
134189808,134189808,WINGSPAN ARTS INC,2552973,2614991
134211119,134211119,JESUS CRISTO EL BUEN PASTOR,282960,282943
136122567,136122567,MEAD MEMORIAL CHAPEL,236285,60523
141826613,141826613,BLACKWATCH SOCCER CLUB INC,534439,518281
146022764,146022764,PATTERSON LIBRARY,837474,820292
160743146,160743146,ST ANNS HOME FOR THE AGED,64099979,63160741
161013562,161013562,HARMONIA COLLABORATIVE CARE INC,860257,853888
161384797,161384797,CLARENCE CENTER VOLUNTEER FIRE CO INC,892652,755052
200081148,200081148,LION FOUNDATION,432812,345578
200172439,200172439,BOSTON BRUINS CHARITABLE FOUNDATION INC,2155313,2562491
200709465,200709465,CARIBBEAN MINISTRIES ASSOCIATION,531117,540262
200764068,200764068,PROCLAIM AVIATION MINISTRIES INC,1041044,1078739
201953727,201953727,NEWPORT MONTESSORI SCHOOL,441334,463412
202579517,202579517,EAGLES WINGS INC,913725,834654
202831074,202831074,FOOTHILL CHINESE SCHOOL,67972,58663
203888216,203888216,FRIENDS OF BASEBALL LLC,28078,38105
204106213,204106213,NARRATE CONFERENCES INC,28243,19206
204227123,204227123,IOWA PUBLIC RADIO INC,5108274,4755902
204935443,204935443,SOUTH CENTRAL REGION 8 WORKFORCE BOARD INC,2422056,2422056
206551407,206551407,JULIAS BUTTERFLY FOUNDATION,233647,177146
208497084,208497084,TRI-COUNTY FAMILY SERVICES,50389,49682
208643063,208643063,COLORADO SPRINGS UTILITIES FOUNDATION,782266,1005179
222224271,222224271,A D E P T PROGRAMS INC,2526149,2504850
222419542,222419542,NEW JERSEY SOCIETY OF HEALTH SYSTEM PHARMACISTS INC,316281,233174
222765077,222765077,AMERICAN GLAUCOME SOCIETY INC,1564344,1324704
222797794,222797794,NAMI ROCHESTER,231987,213848
222871755,222871755,NEW HOPE COMMUNITY INC,35122830,35439426
223555210,223555210,O-IA-DA INTL INC,233627,233670
226063801,226063801,STUDENT GOVERNMENT ASSOCIATION OF MONTCLAIR STATE UNIVERSITY INC,1573651,1561983
226063801,226063801,STUDENT GOVERNMENT ASSOCIATION OF MONTCLAIR STATE UNIVERSITY INC,1582459,1455286
231488763,231488763,GETTYSBURG TRAVEL COUNCIL INC,1892456,1631034
231654168,231654168,OPERATING ENGINEERS JOINT APPRENTICESHIP TRAINING FUND,3940299,3639675
231872983,231872983,ALUMNI ASSOC OF THE ROMAN CATHOLIC HIGH SCHOOL OF PHILADELPHIA,2161425,1238778
232532598,232532598,WORLD CLOWN ASSOCIATION,354931,341737
232907335,232907335,IOTA PHI FOUNDATION OF PITTSBURGH INCORPORATED,92769,94248
236266703,236266703,CAMPHILL FIRE COMPANY NO 1,668074,743544
237002953,237002953,WESTLAKE LAKE MANAGEMENT ASSOCIATION,2276638,2017497
237036523,237036523,NEAR & FAR AID ASSOCIATION INC,1036310,1101400
237110975,237110975,AMERICAN BOARD OF BIOANALYSIS,257513,233583
237153472,237153472,AVATAR MEHER BABA CENTER OF SOUTHERN CALIFORNIA,385199,72978
237157433,237157433,OPERATION BETTER BLOCK INC,571989,558835
237216782,237216782,EPILEPSY FOUNDATION OF HAWAII,83403,70359
237230664,237230664,THREE-FORESTS INTERPRETIVE ASSOCIATION INC,73197,87985
237303789,237303789,LEVEL ACRES NONPROFIT HOUSING CORPORATION,214153,162572
237377601,237377601,MANE STREAM INC,796700,770615
237389739,237389739,WIDOWS & ORPHANE FUND-POLICE DEPT OF N Y C,12149,21088
237420678,237420678,NORTHEASTERN CAMPUS CHRISTIAN FELLOWSHIP,225072,212774
237445515,237445515,BAYOU CIVIC CLUB,1020235,1181467
240737220,240737220,SUNBURY SOCIAL CLUB,432678,433420
250965625,250965625,VALLEY POINTS FAMILY YMCA,2024774,2214072
251698191,251698191,CRANBERRY TOWNSHIP ATHLETIC ASSOCIATION INC,321410,349056
251750832,251750832,E I H BAYVIEW INC,103408,141201
261177717,261177717,KALEIDOSCOPE FIGHTING LUPUS,3577774,674488
261607268,261607268,KIPP SOCAL PUBLIC SCHOOLS,49304617,33384981
261788601,261788601,PALPUNG FOUNDATION,3393023,161049
261957703,261957703,BORN FREE NOW FOUNDATION,210703,287215
262673795,262673795,CARIBBEAN YOUTH NETWORK INC,294326,268122
262996455,262996455,ONE CITY MINISTRIES,240269,259851
263557623,263557623,WELLMONT CARDIOLOGY SERVICES,31795763,44235234
263660789,263660789,VAJRAPANI KADAMPA BUDDHIST CENTER,61164,39546
264167282,264167282,VISALIA SOUTH AMERICAN LITTLE LEAGUE,307454,224098
264355586,264355586,CRISIS CLINIC OF THURSTON AND MASON COUNTIES,339853,174438
270115829,270115829,TITUSVILLE SENIOR HOUSING CORPORATION,124041,188177
270400149,270400149,BELLA COMMUNITIES,247984,68324
270707164,270707164,WELLSPRINGS OF FREEDOM INTERNATIONAL NFP,235774,216995
272656910,272656910,ADVENTIST MEDICAL EVANGELISM NETWORK MEDIA INC,465002,459779
274099080,274099080,COMMUNITY ACCESS CENTER INC,80513,78088
300007910,300007910,MAISON FORTUNE ORPHANGE FOUNDATION INC,483602,440184
300119239,300119239,METRO AREA ANIMAL ADOPTION ASSOCIATION,362679,276456
300143523,300143523,GARRETT ROAD APARTMENTS INC,82598,101539
310537516,310537516,XAVIER UNIVERSITY,249143229,228533953
311606919,311606919,COMMUNITY GIFTS FOUNDATION,330,2252
314379745,314379745,OHIO SEED IMPROVEMENT ASSOCIATION,939578,867750
320119712,320119712,FREDERICKS INC EMPLOYEES BENEFICIARY TR,516918,540559
331178781,331178781,HEXT VOLUNTEER FIRE DEPARTMENT,26663,37060
341117206,341117206,LEXINGTON-BELL CENTER,904780,1016469
341342590,341342590,HURON YACHT CLUB INC,329415,342401
341706698,341706698,BRIDGES MENTAL HEALTH CONSUMER EMPOWERMENT,397338,370966
341881670,341881670,STARK CO TERRIERS,28330,28505
344289225,344289225,LIMA LIBRARY ASSOCIATION,186627,166446
350886851,350886851,YOUNG MENS CHRISTIAN ASSN OF LA PORTE INDIANA,3275297,2705543
350914096,350914096,LITTLE RED DOOR CANCER AGENCY INC,1867214,1951295
351458103,351458103,WABASH VALLEY FAMILY SPORTS CENTER INC,189301,318836
351490476,351490476,NEW HOPE SCHOOL INC,103982,120452
351844171,351844171,JENNINGS COUNTY ECONOMIC DEVELOPMENT COMMISSION INC,428782,376844
361033970,361033970,ELECTRICAL INSURANCE TRUSTEES,195646611,177379179
362269390,362269390,RAILWAY ENGINEERING-MAINTENANCE SUPPLIERS ASSOCIATION,737527,853273
362984359,362984359,NORTHERN WILL COUNTY SPECIAL RECREATION ASSOCIATION,825962,859269
363277311,363277311,MUSEUM OF BROADCAST COMMUNICATIONS,807552,1007290
363293791,363293791,CRYSTAL LAKE MONTESSORI SCHOOL,1232037,1256440
363605404,363605404,LAKE FOREST LAND FOUNDATION,0,124074
366066647,366066647,MEMBERSALLIANCE CREDIT UNION,7995813,7158100
370905005,370905005,ARTHUR CHRISTIAN SCHOOL,518262,238784
370983795,370983795,LOCUST STREET RESOURCE CENTER,2635138,2641516
381212884,381212884,BOWLING CENTERS ASSOCIATION OF MICHIGAN INC,263587,240181
381456056,381456056,SCHEURER HOSPITAL,40494998,36646292
382072675,382072675,EVERY WOMANS PLACE,2452669,2725962
382905688,382905688,MCBRIDE QUALITY CARE SERVICES INC,10582641,10363715
383141927,383141927,COMMUNITY RESOLUTION CENTER,190137,179212
383703054,383703054,MARIN STABLES & TRAILS INC,33687,51128
386031615,386031615,TAWAS BAY YACHT CLUB,95078,82901
386031615,386031615,TAWAS BAY YACHT CLUB,94285,103194
386091548,386091548,BIRMINGHAM STUDENT LOAN AND SCHOLARSHIP FUND ASSOCIATION,74880,68226
390414112,390414112,MADISON LABOR TEMPLE ASSOCIATION,344941,283666
390414112,390414112,MADISON LABOR TEMPLE ASSOCIATION,351565,325157
391021989,391021989,MILWAUKEE COUNTY HISTORICAL SOCIETY,811695,658837
391706802,391706802,WILLOW COMMUNITY FOUNDATION INC,60307,58478
391939605,391939605,ATHENS WOODS ESTATE INC,33157,62734
416023998,416023998,MINNESOTA KNIGHTS OF COLUMBUS STUDENT LOAN FUND INC,130631,84971
420223700,420223700,DUBUQUE AREA CHAMBER OF COMMERCE,1098210,1093259
420223700,420223700,DUBUQUE AREA CHAMBER OF COMMERCE,1087985,1004892
421705858,421705858,GOLDEN EMPIRE CHDO AFFORDABLE HOUSING INC,532920,490226
421765685,421765685,OCONTO FALLS AREA CHAMBER OF COMMERCE,199357,348660
430983817,430983817,INDEPENDENT SCHOOLS OF ST LOUIS,230528,202101
431604756,431604756,THE METROPOLITAN ST LOUIS EQUAL HOUSING OPPORTUNITY COUNCIL,261639,563897
431746582,431746582,ART UNLEASHED INC,64231,1187958
440605539,440605539,AMERICAN ANGUS ASSOCIATION,33058261,32614969
450499390,450499390,ACHIEVE HARTFORD INC,1004692,832999
453675659,453675659,AFGHAN WOMENS FUND,35553,31049
453996460,453996460,DON RYAN CENTER FOR INNOVATION INC,176827,183990
455481499,455481499,FAIRTRADE AMERICA UNITED INC,1911015,1195694
461472724,461472724,HEREFORD SPORTSPLEX INC,718728,222324
462165767,462165767,SJ ENRICHMENT INC,349406,300025
462165767,462165767,SJ ENRICHMENT INC,68713,86881
462598459,462598459,ECONOMIC DEVELOPMENT FOUR ATHENS INC,210192,183138
463570095,463570095,SECOND CHANCE ANIMAL SHELTER OF SELMA,78434,58291
463583499,463583499,HEARTLAND SPORTS COMPLEX,190901,220137
465597266,465597266,HOLIDAY CITY CAREFREE BOOSTER ASSOCIATION A NJ NONPROFIT CORPORA,35316,2975
470661002,470661002,NEBRASKA ASSOCIATION OF BEHAVIORAL HEALTH ORGANIZATIONS,182411,150027
470661002,470661002,NEBRASKA ASSOCIATION OF BEHAVIORAL HEALTH ORGANIZATIONS,175282,115602
480778629,480778629,FRIENDS OF THE TOPEKA AND SHAWNEE COUNTY PUBLIC LIBRARY INC,152402,174054
510530353,510530353,ABILITIES AT EAGLES NEST INC,147271,58828
510539699,510539699,CHESTERFIELD BASBALL-SOFTBALL ASSOCIATION,922134,885889
520855042,520855042,MAN ALIVE INC,3037887,2938719
521125663,521125663,UNIVERSITY OF MARYLAND FOUNDATION INC,48263327,29521981
521134862,521134862,EASTERN GARRETT COUNTY VOLUNTEER FIRE AND RESCUE DEPARTMENT,231791,221037
521414408,521414408,RESOURCES FOR INDEPENDENT LIVING INC,1010727,1024534
521451797,521451797,COMMITTEE FOR CITIZEN AWARENESS,276798,284505
521608589,521608589,NATIONAL ASSOCIATION OF SECURITIES AND COMMERCIAL LAW ATTORNEYS,355391,283970
540577900,540577900,VIRGINIA HOME,17671763,17318750
541431800,541431800,STONY CREEK COMMUNITY HEALTH CENTER,1451920,1430848
541564904,541564904,HOMELESS ANIMALS RESCUE TEAM INC,686295,589614
541988610,541988610,AMERICAN NURSING INFORMATICS ASSOCIATION,547068,458060
542153829,542153829,WASHINGTON PLACE AT ST BARNABAS INC,1355668,1269354
546048594,546048594,NEW CHURCH VOLUNTEER FIRE AND RESCUE CO INC,245232,127596
561987729,561987729,ANSON COUNTY PARTNERSHIP FOR CHILDREN,1312640,1333089
580960683,580960683,GEORGIA STEVEDORE ASSOCIATION,1614189,1207197
581330667,581330667,MEMPHIS CENTER CITY DEVELOPMENT CORPORATION,999963,360854
581864457,581864457,ARKANSAS SENIOR CARE INC,74634,73957
581940710,581940710,UNITED FAITH MINISTRIES INC,124215,104817
586040412,586040412,ST JOSEPHS HOSPITAL AUXILIARY,217721,235083
592447553,592447553,BETHESDA HEALTH INC,26420856,25330061
610563291,610563291,LEXINGTON SCHOOL INC,14418742,13724694
620789965,620789965,TENNESSEE HEALTH CARE ASSOCIATION,3366807,3403511
621353984,621353984,HERITAGE MINISTRIES INC,2163251,2183616
621618612,621618612,STADIUM CORPORATION,1433449,1644092
621618612,621618612,STADIUM CORPORATION,680706,1389296
631033473,631033473,MARSHALL JACKSON 310 AGENCY INC,10147046,10186712
631112240,631112240,GREATER BREWTON FOUNDATION,366430,106139
631270951,631270951,BAYOUCLINIC INC,2116957,2338327
636052442,636052442,DOTHAN ROTARY CHILDRENS FOUNDATION INC,75933,36290
640443157,640443157,OAKS COUNTRY CLUB INC,382820,371057
640943505,640943505,MISSISSIPPI SIDS AND INFANT SAFETY ALLIANCE,120687,154308
650379532,650379532,CENTER FOR INDEPENDENT LIVING OF SOUTH FLORIDA INC,1793130,1842375
650888472,650888472,WOMENS BUSINESS DEVELOPMENT CENTER INC,319727,389313
680173440,680173440,IMPACT FOUNDRY,313809,307309
731042758,731042758,INTERNATIONAL SCHOOL OF HYDROCARBON MEASUREMENT INC,450419,389904
731088577,731088577,VARIETY CARE INC,29220143,28398897
740771985,740771985,MCALLEN CEMETERY ASSN,325277,318234
740941355,740941355,TEXAS MOTOR TRANSPORTATION ASSOCIATION,2423883,2472925
741621269,741621269,ELECTRICAL MEDICAL TRUST,25050688,28513874
741753980,741753980,EL CAMPO COUNTRY CLUB INC,958022,677338
742248466,742248466,GRACE LUTHERAN CHURCH,281638,296962
742629894,742629894,HALLETTSVILLE SACRED HEART CATHOLIC PARISH ENDOWMENT FUND,118469,89653
112646839,112646839,VETERANS & COMMUNITY HOUSING COALITION INC,2272169,2335229
113450678,113450678,GREEN-WOOD HISTORIC FUND INC,1625012,1607374
131725612,131725612,POLISH UNITED CLUB INC,81908,72570
131761660,131761660,JAWONIO INC,41472524,40692219
132566243,132566243,WORLD MEDICAL ASSOCIATION INC,2315454,2313919
132857308,132857308,WOMENS FORUM INC,672156,683961
133161717,133161717,LOCAL 147 CONSTRUCTION WORKERS ADDITIONAL SECURITY BENEFITS FUND,30032672,27199708
133307093,133307093,BRONX COUNTY DENTAL SOCIETY,257876,310966
133619000,133619000,ASIAN AMERICANS ADVANCING JUSTICE -AAJC INC,4391236,3147277
133873765,133873765,POLLY HILL ARBORETUM INC,2183061,1412786
133992139,133992139,CATSKILL MOUNTAIN FOUNDATION INC,2837436,2661043
134031037,134031037,SISTERS OF CHARITY HOUSING DEVELOPMENT CORPORATION,177249,94856
135672236,135672236,TAG AND LABEL MANUFACTURERS INSTITUTE INC,2087834,1613012
137028833,137028833,THE METLIFE VEBA TRUST,87469774,20975376
150561931,150561931,NORTHEASTERN LOGGERS ASSN INC,735714,709553
150564077,150564077,LAMONT MEMORIAL FREE LIBRARY,60085,90660
150564077,150564077,LAMONT MEMORIAL FREE LIBRARY,99214,99530
161158497,161158497,GADABOUT TRANSPORTATION SERVICES INC,1466161,1781302
161159692,161159692,SPEAK SOCIETY FOR THE PROMOTION OF EDUCATION IN ANIMAL KINDNESS,23907,36458
200140345,200140345,LIVE OAK ACADEMY,1015966,1059175
200615767,200615767,HOMELESS NOT TOOTHLESS,963099,990815
200766928,200766928,PS130-M PARENTS ASSOCIATION,238773,160349
200766928,200766928,PS130-M PARENTS ASSOCIATION,266454,292478
200984437,200984437,GEORGIA STRATIGIC ALLIANCE FOR NEW DIRECTION AND UNIFIED POLICIES,867403,826429
201203429,201203429,VEBA FOR RETIREES OF KAISER ALUMINUM,29438237,22429598
203018259,203018259,GREENSBORO ACADEMY BOOSTERS,165544,153261
203420956,203420956,NEXT GENERATION MISSION INC,475477,471099
204041024,204041024,ROSLYN DOWNTOWN ASSOCIATION,561969,126600
204965827,204965827,CENTRAL PERKIOMEN YOUTH ASSOCIATION,167805,162051
205967513,205967513,ABANDONED CHILDRENS FUND,10016561,9938202
208351665,208351665,PETERSON FAMILY FOUNDATION II INC,204,358067
222230681,222230681,CAPITAL HEALTH SYSTEM FOUNDATION INC,1682384,649502
222590399,222590399,ALTERNATIVE LIVING FOR LATER YEARS INC,94511,78214
226042870,226042870,SAYREVILLE EMERGENCY SQUAD INC,208470,220013
226042870,226042870,SAYREVILLE EMERGENCY SQUAD INC,219235,269003
232354475,232354475,LEHIGH VALLEY COMMUNITY BROAD CASTERS ASSOCIATION,525183,558669
232686276,232686276,WES HEALTH CENTERS INC,12524151,12626541
237039307,237039307,MONMOUTH DAY CARE CENTER INC,1411451,1359291
237061237,237061237,HOUSATONIC INDUSTRIAL DEVELOPMENT CORP,230080,218615
237066134,237066134,WILLIAMSBURG-JAMES CITY COUNTY COMMUNITY ACTION AGENCY INC,3516742,3451943
237156464,237156464,AMERICAN ORTHODONTIC SOCIETY INC,1331954,1505540
237224260,237224260,CECIL TOWNSHIP VOLUNTEER FIRE COMPANY NO 3 OF MILLERS RUN,192695,158384
237227990,237227990,BROOKLYN LAW SCHOOL,97264822,73876443
237309933,237309933,TRILATERAL COMMISSION NORTH AMERICA,598754,978249
237319951,237319951,MCKEAN COUNTY INDUSTRIAL DEVELOPMENT COUNCIL INC,31809,7617
237382257,237382257,AMERICAN ACADEMY OF ORAL AND MAXILLOFACIAL RADIOLOGY,195006,297023
251924934,251924934,COMMUNITY HEALTH INITIATIVE NAPA COUNTY INC,796198,796164
256037631,256037631,KNOX VOLUNTEER FIRE COMPANY,241420,126891
260043671,260043671,CARRIAGE HOUSE AT ACUSHNET HEIGHTS INC,333198,463609
260677794,260677794,SANDY SPRINGS-PERIMETER CHAMBER OF COMMERCE INC,278452,288129
262804647,262804647,PORTAGE ALTERNATIVE NONPROFIT HOUSING CORORATION,49979,82295
263440291,263440291,PARADISE FOR LIVING SERVICES,478451,478451
263763656,263763656,VIRGINIA MASON INSTITUTE,5592771,4489124
264512017,264512017,HOLY TRINITY MONTESSORI,590002,481027
264707947,264707947,AMERICAN FRIENDS OF THE ROYAL BALLET SCHOOL INC,932282,770000
270524309,270524309,THERE GOES MY HERO,126860,122577
270834463,270834463,BELMONT DISTRICT MANAGEMENT ASSOCIATION INC,524414,476611
271362744,271362744,UNITED MERCHANTS OF THE S 9TH BUSINESS ASSOCIATION INC,171618,154710
272516396,272516396,SIXTH BRANCH INC,129429,109936
272765063,272765063,YB CHESED FUND INC,388488,402162
272834734,272834734,EVERETT YOUTH HOCKEY BOOSTER CLUB,509421,449511
273587929,273587929,TRUCKSVILLE VOLUNTEER FIRE & RESCUE INC,275936,294137
273721498,273721498,OKLAHOMA WATCH INC,383410,509817
300186796,300186796,HEALTH FIRST AMERICAS CHARITIES,3648734,3664851
310713996,310713996,LICKING COUNTY HISTORICAL SOCIETY,93304,82424
310902494,310902494,RESIDENTIAL HOME FOR THE DEVELOPMENTALLY DISABLED INC,6702551,6260089
310937618,310937618,MARION AREA COUNSELING CENTER INC,4216144,4228749
311663020,311663020,THE US CHARITABLE GIFT TRUST,110003288,67743242
320410064,320410064,SOUTHERN EAGLE FOOTBALL OFFICIALS ASSOCIATION INC,82501,88782
330063237,330063237,CITRUS COUNSELING SERVICES INC,1821777,1554375
331055393,331055393,FRONTERA FARMER FOUNDATION,190837,137493
341598023,341598023,COMMERCIAL REAL ESTATE WOMEN INC CLEVELAND OHIO,69975,61019
341598023,341598023,COMMERCIAL REAL ESTATE WOMEN INC CLEVELAND OHIO,61184,61062
342014843,342014843,PENTECOSTAL CHURCH NEW REBIRTH,817509,827466
350857139,350857139,AMERICAN YORKSHIRE CLUB INC,2263473,2164317
351620989,351620989,HABITAT FOR HUMANITY INTERNATIONAL INC,277268,151626
351871433,351871433,MISHAWAKA ALLIANCE OF CARE INC,132655,128313
363221830,363221830,NATIONAL COMMISSION ON CORRECTIONAL HEALTH CARE,4060785,3804270
363292403,363292403,MIDWESTERN VASCULAR SURGICAL SOCIETY,223584,147850
363741068,363741068,INDO-US FOUNDATION,186642,184966
364007250,364007250,KIDS AROUND THE WORLD INC,3429637,3416208
364157571,364157571,AFFINITY COMMUNITY SERVICES,220205,147367
364628789,364628789,UNITED UNION OF ROOFERS WATERPROOFERS & ALLIED WORKERS,100277,75480
370345280,370345280,NAIFA ILLINOIS,408135,430080
376304539,376304539,ILLINOIS LABORERS-EMPLOYEES COOPERATION & EDUCATION TR,2086766,2068626
376304539,376304539,ILLINOIS LABORERS-EMPLOYEES COOPERATION & EDUCATION TR,1998512,1993562
381599080,381599080,COLUMBUS HOME COMPANY,21457,39159
382254509,382254509,SERVICES FOR OLDER CITIZENS INC,993125,833134
382972671,382972671,MACOMB FOUNDATION,55464,31178
383118322,383118322,HARTFORD DEVELOPMENT FOUNDATION,166241,76316
383848400,383848400,NORTHWEST BLAZE BASEBALL,214598,209655
383848400,383848400,NORTHWEST BLAZE BASEBALL,208485,218761
391138375,391138375,NORTHLAND COLLEGE STUDENT ASSOCIATION INC,104722,96031
411488447,411488447,AMERICAN NEUROLOGICAL ASSOCIATION,2486700,2201360
411703612,411703612,EPISCOPAL HOMES FOUNDATION OF MINNESOTA,7530470,1826141
411933761,411933761,HIGHER GROUND BUILDING COMPANY,1086263,1144650
412064526,412064526,PLUMBERS LOCAL UNION NO 690 SCHOLARSHIP FUND,69466,67105
412068711,412068711,PATRIOT FC,239749,200130
412068711,412068711,PATRIOT FC,217678,167678
450583552,450583552,TBTA MINISTRIES,222002,280546
453662285,453662285,SOUTH CENTRAL PARTNERSHIP FOR ENERGY EFFICIENCY AS A RESOURCE,1410987,1058486
454765222,454765222,BIO BRIDGE,19589293,18608805
455388721,455388721,PYBUS PUBLIC MARKET,327951,286709
460346445,460346445,LIVE CENTER INC,1291504,1225489
463805324,463805324,THE JILLIAN FUND,102891,27539
465505366,465505366,CORNERSTONE OF JACKSONVILLE INC,1974088,1492487
465551263,465551263,HELPCARE CLINIC,488297,152052
470384319,470384319,FLORENCE HOME FOR THE AGED,11054272,11019065
471338104,471338104,EQUALITY FLORIDA ACTION INC,476511,223228
480883884,480883884,COMMUNITY BANKERS ASSOCIATION OF KANSAS,629626,594699
480912280,480912280,WICHITA CONVENTION & TOURISM BUREAU,2819653,2773070
510179305,510179305,PEACE OVER VIOLENCE,2945465,2872465
520914949,520914949,ASSOCIATES FOR RENEWAL IN EDUCATION,2709597,2575902
526054866,526054866,FRIDAY MORNING MUSIC CLUB INC,168795,156744
540805640,540805640,PITTSYLVANIA COUNTY COMMUNITY ACTION INC,5858081,5930429
540844171,540844171,CHAMBER OF COMMERCE LOUDOUN COUNTY,1250869,1228089
540955902,540955902,TREASURE PATH TO SOUL WINNING INCORPORATED,108432,100794
541519317,541519317,NATSO FOUNDATION INC,532903,479616
541541712,541541712,ST MATTHEWS EPISCOPAL CHURCH ENDOWMENT FUND INC,42536,44221
541646907,541646907,ZION CROSSROADS VOLUNTEER FIRE DEPARTMENT INC,135078,130659
541786140,541786140,THE VIRGINIA ARTS FESTIVAL INC,8174593,5809580
542010161,542010161,RICHARDSVILLE VOLUNTEER FIRE DEPARTMENT AND RESCUE SQUAD INC,408887,175024
561145386,561145386,THE HISTORIC PRESERVATION FOUNDATION OF NORTH CAROLINA INC,2300522,1760410
570407966,570407966,STONE LAKE COMMUNITY CLUB INC,245207,215750
570700592,570700592,SUMTER BOARD OF REALTORS,355063,357447
581563555,581563555,CHRISTMAS VILLAGE,586060,360000
581888253,581888253,WARE COUNTY ATHLETIC BOOSTERS CLUB,104829,82982
581907236,581907236,GEORGIA FOOTBALL OFFICIALS ASSOCIATION INC,189216,210031
581989260,581989260,WILKES PLAYMAKERS INC,55990,45427
582065576,582065576,SOUTH METRO HOMES INC,71449,102923
582588335,582588335,WALTON COUNTY CHRISTIAN LEARNING CENTER INC,227525,186301
586333106,586333106,UNIVERSITY SYSTEM OF GEORGIA FOUNDATION INC,20173832,17932808
590537452,590537452,NATIONAL ELECTRICAL CONTRACTORS ASSOCIATION NORTH FLORIDA CHAPTER,369578,400036
591154716,591154716,CITRUS COUNTY ASSN FOR RETARDED CITIZENS INC,7296010,7891729
591860444,591860444,HISTORICAL SOCIETY OF CENTRAL FLORIDA INC,613512,593231
591965600,591965600,LUTHERAN SOCIAL SERVICES OF NORTHEAST FLORIDA INC,30006537,31469502
592106043,592106043,HELEN ELLIS MEMORIAL AUXILLIARY,59542,54347
592150950,592150950,SOUTH COUNTY FOUNDATION FOR MENTAL HEALTH INC 16155 S MILITAY TR,116317,53230
592248369,592248369,FIRST CARE FAMILY RESOURCES INC,1177621,1128872
592288214,592288214,ECONOMIC DEVELOPMENT COUNCIL OF OKALOOSA COUNTY FLORIDA INC,611827,586256
611087634,611087634,NORTHERN KENTUCKY MHMR PROPERTIES INC,1411737,817684
620468252,620468252,WARREN COUNTY CHAMBER OF COMMERCE INC,111139,111657
621291065,621291065,WEST END CHRISTIAN SCHOOL,251593,210353
621857624,621857624,LIONSHARE LEADERSHIP GROUP,200618,233526
630013040,630013040,AUTOMOBILE DEALERS ASSOCIATION OF ALABAMA INCORPORATED,1247797,1078651
630043915,630043915,CLARKE-WASHINGTON ELECTRIC MEMBERSHIP CORPORATION,39063661,39063661
650290712,650290712,MAGNET EDUCATIONAL CHOICE ASSOCIATION INC,314517,327209
650372596,650372596,NEW HORIZONS GROUP HOMES INCORPORATED,407566,426591
710239389,710239389,UNITED WAY OF GREATER TEXARKANA,773354,682265
710415864,710415864,METROPLAN,2822458,2657090
721402222,721402222,LSU HEALTH SCIENCES FOUNDATION IN SHREVEPORT,12012934,7182734
721414410,721414410,TERREBONNE CHILDRENS ADVOCACY CENTER,411103,227921
730298025,730298025,INTERNATIONAL ASSOCIATION OF BRIDGE STRUCTURAL & ORNAMENTAL IRON WRKER,517755,550941
730764093,730764093,WEATHERFORD CHAMBER OF COMMERCE,250914,255583
731444504,731444504,INTEGRIS RURAL HEALTH INC,282050247,264099522
731611118,731611118,OKLAHOMA ASSISTIVE TECHNOLOGY FOUNDATION,227872,285320
731668460,731668460,HELPING OURSELVES PREVENT EMERGENCIES,216975,239881
741303721,741303721,BAY AREA REHABILITATION CENTER,5347616,5469652
741907897,741907897,PENNINGTON WATER SUPPLY CORPORATION,304299,302157
742097680,742097680,TEXAS MARITIME MUSEUM ASSOCIATION INC,343012,409065
742160716,742160716,ENDOWMENT FUND FOR FAMILY PLANNING IN SOUTH TEXAS,44784,15594
742840559,742840559,EPISCOPAL NETWORK FOR STEWARDSHIP INC,205417,152712
111554072,111554072,EAST WOODS SCHOOL INC,6766824,6861138
133999267,133999267,LATIN AMERICAN AND CARIBBEAN ECONOMIC ASSOCIATION,402642,293801
134339317,134339317,CUREAIDS FOUNDATION INC,15000,14865
134339317,134339317,CUREAIDS FOUNDATION INC,19134,21512
141870269,141870269,TECHNOLOGY ENTREPRENEUR CENTER INC,2394103,862063
141870269,141870269,TECHNOLOGY ENTREPRENEUR CENTER INC,604185,487816
141925345,141925345,CENTER FOR ENTREPRENEURIAL JEWISH PHILANTHROPY,509500,459773
161243611,161243611,WORLD IMPACT MINISTRIES LTD,1350823,800559
161728245,161728245,HAVEN FOR PETS INC,8209,12582
200216368,200216368,DAMARISCOTTA MONTESSORI SCHOOL II,785948,758900
200483483,200483483,TALMUDIC COLLEGE 4000 ALTON ROAD INC,456105,582546
200950189,200950189,NEW YORK STATE ACADEMY OF TRIAL LAWYERS,479581,463437
202338064,202338064,FORT SMITH JUNIORS VOLLEYBALL CLUB,230662,225985
202411077,202411077,GUNILDA RIANDA SENIOR CENTER ASSOCIATION,659763,273633
203181488,203181488,ALZHEIMERS SERVICES OF MARSHALL COUNTY INC,17054,28284
203192736,203192736,H A N D S OF WYOMING COUNTY,332688,326030
203192736,203192736,H A N D S OF WYOMING COUNTY,271888,301151
203437711,203437711,RICE VOELKER FUND FOR RECOVERY,37150,34300
203515683,203515683,ATLAS OF LYON COUNTY,209395,165778
203540878,203540878,RICHARD ALLEN IMPROVEMENT AND DEVELOPMENT ORGANIZATION,487849,471258
204447127,204447127,MECHANICS LOCAL 701 TRAINING FUND,521516,310372
204468925,204468925,OREGON REVIVAL CENTER,183140,131053
204814985,204814985,GIRLS GROUP,372719,356158
205148206,205148206,KIDNEY CARE FUND INC,1526167,1206595
208762246,208762246,CLUBCORP EMPLOYEE PARTNER ASSISTANCE FUND,882912,500121
208945241,208945241,BELVEDERE YACHT CLUB INC,47743,42212
222037226,222037226,NEW HOPE DEVELOPMENT DAY CARE CENTER INC,353339,339167
222187522,222187522,THE CHENANGO COUNTY COUNCIL OF THE ARTS INC,378222,449029
222300465,222300465,AMHERST SOCCER ASSOCIATION INC,540441,450841
222529464,222529464,YALE NEW HAVEN HEALTH SERVICES CORPORATION,410922746,390309894
222564710,222564710,LTC EDDY INC,2153235,864356
223365947,223365947,STONINGTON SOCCER CLUB INC,27500,39276
223365947,223365947,STONINGTON SOCCER CLUB INC,48216,38760
223378364,223378364,JERSEY SHORE JAZZ & BLUES FOUNDATION A NEW JERSEY NONPROFIT,145853,133393
230961125,230961125,PENNSYLVANIA STATE EDUCATION ASSOCIATION P S E A,69162958,58291930
231923419,231923419,RETIRED STEELWORKERS HOUSING & HUGH CARCELLA APARTMENT,1081064,1059749
232935890,232935890,FRONTLINE HEALTHCARE WORKERS SAFETY FOUNDATION LTD,2694322,2619052
237041917,237041917,BIG BROTHERS BIG SISTERS OF LUBBOCK INC,412735,416505
237064652,237064652,WEST VIRGINIA ASSOCIATION OF REALTORS INC,728288,647112
237102758,237102758,MOUNT DESERT LAND AND GARDEN PRESERVE,2209112,743005
237172280,237172280,PRESBYTERIAN & REFORMED PUBLISHING CO,1817930,1619759
237181972,237181972,INTERNATIONAL SKYDIVING MUSEUM & HALL OF FAME,393074,169562
237277616,237277616,OTSEGO COMMUNITY NON-PROFIT HOUSING,164177,152989
237395712,237395712,AMERICAN FATS AND OILS ASSOCIATION,306776,319490
246025362,246025362,CATAWISSA HOSE COMPANY 1,106421,90589
250933411,250933411,AMERICAN LEGION HOME ASSOCIATION OF NANTY GLO PA,156622,130997
251387046,251387046,STANDING STONE VETERANS HOME ASSOCIATION,144921,158161
251729192,251729192,AFRICAN AMERICAN CHAMBER OF COMMERCE OF WESTERN PENNSYLVANIA,240245,139814
251755734,251755734,PNM NON-UNION MEDICAL VEBA,4963070,2513275
260597324,260597324,TEXAS HOSPITAL ASSOCIATION FOUNDATION,3392833,2183779
261412551,261412551,FORGE CITY WORKS,1775816,1920664
261590372,261590372,CISE FOUNDATION,788022,181589
262483265,262483265,ISLES COMMUNITY ENTERPRISES CORP,165148,185660
263266757,263266757,THOROUGHBRED PLACEMENT RESOURCES INC,126692,138868
264165741,264165741,KEYSTONE PROGRESS,120200,111131
270751762,270751762,COMPASSIONATE SOCIAL CARE MINISTRIES,204904,178791
270980233,270980233,BUFFALO 2020 DEVELOPMENT CORPORATION,736901,321790
271630618,271630618,GRAND CENTER FOR ARTS & CULTURE INC,1079020,183411
271630618,271630618,GRAND CENTER FOR ARTS & CULTURE INC,117454,222319
272306826,272306826,SIERRA VISTA BETHEL CHURCH,235070,234374
272955858,272955858,CITY NEIGHBORS HIGH SCHOOL,4122733,4212844
273510935,273510935,GARY MIDDLE COLLEGE INC,2231546,1658987
300126510,300126510,CENTER FOR AMERICAN PROGRESS,45156090,42425026
300167221,300167221,THE RAMEY-ESTEP HOMES FOUNDATION INC,1785460,22399
310991783,310991783,WAVERLY LODGE 2263 LOYAL ORDER OF MOOSE INC,0,377768
311234353,311234353,WESTERN OHIO JAPANESE LANGUAGE SCHOOL,281165,390807
311504000,311504000,ANGEL WINGS OUT-REACH CENTER,360687,370833
311539757,311539757,SPOLETO STUDY ABROAD,396489,361826
311611758,311611758,LEADERSHIP EMPOWERMENT CENTER INC,466900,485864
316059929,316059929,CINCINNATI BAR FOUNDATION,434777,247444
330660405,330660405,ORANGE COUNTY EMPLOYEES ASSOCIATION BENEFIT PLANS,16815665,15130563
330782888,330782888,SOULFORCE INC,322697,270878
330784165,330784165,BROADCAST CENTER TBC,93279,93966
330784165,330784165,BROADCAST CENTER TBC,108399,110079
340646162,340646162,NATIONAL TOOLING & MACHINING ASSOCATION,6844905,4147271
341981724,341981724,HELPING KIDS TO RECOVER INC,592948,655716
346536525,346536525,KIWANIS CLUB OF LAKEWOOD OHIO SCHOLARSHIP FOUNDATION INC,107861,78844
352067284,352067284,PEACE LEARNING CENTER INC,1034828,1032997
356054307,356054307,SCIENCE EDUCATION FOUNDATION OF INDIANA INC,225534,230242
364292408,364292408,EBENEZER COMMUNITY OUTREACH,1254973,1205574
364397387,364397387,MASONIC FAMILY HEALTH FOUNDATION,6369179,6601167
370673465,370673465,THE CARLE FOUNDATION,267896240,231820864
371318571,371318571,COLLABORATIVE SOLUTIONS INSTITUTE INC,302670,294833
381421628,381421628,JUNIOR LEAGUE OF BIRMINGHAM MICH INC,126655,110308
382566642,382566642,WOODHAVEN OF LIVONIA,7853548,6784847
383152312,383152312,KARENS HELPING HANDS,1330713,1199184
383319722,383319722,OLD TOWN COMMERCIAL ASSOCIATION,270884,259132
383526557,383526557,DELRAY UNITED NON-PROFIT HOUSING CORPORATION,0,75
391102434,391102434,WRVM INC,1178036,1018984
391720670,391720670,WESTBY DAY CARE & LEARNING CENTER INC,258567,261012
410711603,410711603,AMERICAN SWEDISH INSTITUTE,3777769,4159553
410977256,410977256,SERVICE ENTERPRISES INC OF MINNESOTA,1423467,1407859
411599007,411599007,BIG ISLAND RENDEZVOUS AND FESTIVAL INC,72065,80486
411886212,411886212,HIGHER GROUND ACADEMY,9177649,8751172
411979323,411979323,BARNESVILLE AREA LIVING AT HOME- BLOCK NURSE PROGRAM,75961,44220
420942273,420942273,EYERLY-BALL COMMUNITY MENTAL HEALTH SERVICES,8557852,8263312
421333059,421333059,GROUT MUSEUM INC,528082,524191
430758611,430758611,MARY RYDER HOME,1966762,1869699
450226705,450226705,EASTER SEALS GOODWILL ND INC,10129730,8966633
450307500,450307500,KENMARE HOUSING CORPORATION,277106,271494
450408917,450408917,CAVALIER AMBULANCE SERVICE INC,807171,731415
451805538,451805538,PRESERVING ALAMEDA COUNTY HOUSING INC,2481537,1610475
460697436,460697436,IVY ACADEMY,357754,314464
463312253,463312253,PHARMACEUTICAL COMPLIANCE FORUM INC,250400,192415
463632762,463632762,CATHERDRAL CLOSE INC,11286,75000
463632762,463632762,CATHERDRAL CLOSE INC,0,715564
463776169,463776169,APCH INC,23666,23666
464347192,464347192,UNITED SOLAR INITIATIVE INC,116150,18690
470596705,470596705,OREGON TRAIL COMMUNITY FOUNDATION,961568,936681
471174877,471174877,FRESHWATER COAST COMMUNITY FOUNDATION,316000,4534
510104704,510104704,FIRST STATE COMMUNITY ACTION AGENCY INC,7159868,7385167
510480856,510480856,AMERICAN FRIENDS OF THE TECHNODA INC,123120,190750
520852291,520852291,BUSINESS-GOVERNMENT RELATIONS COUNCIL,210754,222996
521073952,521073952,WHISPERING WOODS COMMUNITY ASSOCIATION INC,226683,185709
521077929,521077929,PRINCESS ANNE VOLUNTEER FIRE COMPANY INC,1173630,1033327
521891734,521891734,NATIONAL LATINA INSTITUTE FOR REPRODUCTIVE JUSTICE,6316056,3687878
521899221,521899221,THE RICHMAN FAMILY FOUNDATION INC,2393104,719544
522061415,522061415,ROCKY RIDGE VOLUNTEER FIRE COMPANY,311084,328003
522165893,522165893,CENTER FOR FOOD SAFETY,5231088,5517022
522352651,522352651,DIVINE MERCY CORPORATION,157748,181422
541066544,541066544,RICHMOND OLYMPIAD GYMNASTICS CLUB INC,519469,424256
541066544,541066544,RICHMOND OLYMPIAD GYMNASTICS CLUB INC,468115,465152
541547443,541547443,FOUNDATION OF THE ARC OF NORTHERN VIRGINIA,269557,359328
550772949,550772949,KANAWHA-CHARLESTON SOCCER FOUNDATION,93922,198680
550776922,550776922,IBEW LOCAL 596 VACATION FUND,4134917,4134917
560840471,560840471,WORKSHOP OF DAVIDSON INCORPORATED,1125235,1240413
560891921,560891921,WINSTON SALEM RESCUE MISSION,2833512,2947714
560893174,560893174,HAWFIELDS PRESBYTERIAN CHILD CARE & DEVELOPMENT CENTER INCORPORATED,1039885,1053680
561034246,561034246,COMMUNITY AND SENIOR SERVICES OF JOHNSTON COUNTY INC,5202170,4534915
561189186,561189186,NORTH CAROLINA ASSOCIATION OF,14123460,14003278
561243703,561243703,FAIRVIEW VOLUNTEER FIRE DEPARTMENT INCORPORATED BUNCOMBE COUNTY,2013452,2097022
562152093,562152093,PAGE HIGH SCHOOL ATHLETIC BOOSTER CLUB INC,211885,233643
570992342,570992342,FRIENDS OF REEDY RIVER INC,33537,18237
581715869,581715869,ABITA CIVIC ORGANIZATION INC,60547,62702
581967768,581967768,WORD MADE FLESH INC,1385089,1591438
586307573,586307573,GEORGIA POWER CO POST-RETIREMENT LIFE INSURANCE BENEFIT TR,1011824,3107108
590568662,590568662,WALTON COUNTY CHAMBER OF COMMERCE,437216,543418
591197322,591197322,PRESBYTERIAN TOWERS INC,1400255,1262320
591905082,591905082,MANATEE COUNTY HISTORICAL COMMISSION INC,107181,43978
592141837,592141837,NATIONAL FOUNDATION FOR ADVANCEMENT IN THE ARTS INC,16247239,14545250
593557586,593557586,NORTHWEST HOUSING INITIATIVE INC,124716,154860
593652126,593652126,SANTA ROSA COUNTY CHAMBER OF COMMERCE COMMUNITY FOUNDATION INC,16,725
596192814,596192814,ZOO MIAMI FOUNDATION INC,7550722,4636377
610420104,610420104,BLUE GRASS SPORTMENS LEAGUE INC,736032,692470
620812921,620812921,PLUMBERS & STEAMFITTERS JOINT APPRENTICESHIP TRAINING COMMITTEE,142226,204636
621600668,621600668,THE SAMARITAN CENTER INC,3000518,1505858
626007575,626007575,PRIVATEER YACHT CLUB INC,226318,120280
640794807,640794807,GREENWOOD COMMUNITY & RECREATION CENTER INC,133441,174292
650852850,650852850,TANGLEWOOD AT SUN N LAKE MASTER ACTIVITIES COMMITTEE INC,185388,183236
651061502,651061502,INTERNATIONAL SUPERYACHT SOCIETY INC,273325,271477
651261242,651261242,HUDSON HEADWATERS HEALTH FOUNDATION INC,543391,1156092
680330191,680330191,EMPOWER TEHAMA,931455,635697
680338917,680338917,SUN CITY ROSEVILLE COMMUNITY ASSOCIATION INC,10905161,10543381
710938046,710938046,GARDELLA PLAZA INC,303579,493169
720984724,720984724,LAFAYETTE CATTLEMAN ASSOCIATION,7062,3547
731231247,731231247,SOUTH CENTRAL CASA OF OKLAHOMA INC,133584,126962
731609741,731609741,TERRY GORHAM MINISTRIES INC,76184,76211