product_views,orders,quantity_product_ordered,v2ProductName
316482,3158,6352,Google Men's 100% Cotton Short Sleeve Hero Tee White
221558,508,4769,22 oz YouTube Bottle Infuser
210700,949,1114,YouTube Men's Short Sleeve Hero Tee Black
202205,2713,8072,Google Men's 100% Cotton Short Sleeve Hero Tee Black
200789,1703,11336,YouTube Custom Decals
199169,2087,3001,Google Men's 100% Cotton Short Sleeve Hero Tee Navy
194111,965,5259,YouTube Twill Cap
192551,945,1517,YouTube Men's Short Sleeve Hero Tee Charcoal
189335,599,4561,Electronics Accessory Pouch
169821,153,246,YouTube Wool Heather Cap Heather/Black